Cell ID,PseudoTime,Time,Experiment
E0_1,0.0,1.0,0
E0_2,0.001002004008016032,2.0,0
E0_3,0.002004008016032064,3.0,0
E0_4,0.003006012024048096,4.0,0
E0_5,0.004008016032064128,5.0,0
E0_6,0.00501002004008016,6.0,0
E0_7,0.006012024048096192,7.0,0
E0_8,0.0070140280561122245,8.0,0
E0_9,0.008016032064128256,9.0,0
E0_10,0.009018036072144289,10.0,0
E0_11,0.01002004008016032,11.0,0
E0_12,0.011022044088176353,12.0,0
E0_13,0.012024048096192385,13.0,0
E0_14,0.013026052104208416,14.0,0
E0_15,0.014028056112224449,15.0,0
E0_16,0.01503006012024048,16.0,0
E0_17,0.01603206412825651,17.0,0
E0_18,0.017034068136272545,18.0,0
E0_19,0.018036072144288578,19.0,0
E0_20,0.01903807615230461,20.0,0
E0_21,0.02004008016032064,21.0,0
E0_22,0.021042084168336674,22.0,0
E0_23,0.022044088176352707,23.0,0
E0_24,0.023046092184368736,24.0,0
E0_25,0.02404809619238477,25.0,0
E0_26,0.025050100200400802,26.0,0
E0_27,0.026052104208416832,27.0,0
E0_28,0.027054108216432865,28.0,0
E0_29,0.028056112224448898,29.0,0
E0_30,0.02905811623246493,30.0,0
E0_31,0.03006012024048096,31.0,0
E0_32,0.031062124248496994,32.0,0
E0_33,0.03206412825651302,33.0,0
E0_34,0.033066132264529056,34.0,0
E0_35,0.03406813627254509,35.0,0
E0_36,0.03507014028056112,36.0,0
E0_37,0.036072144288577156,37.0,0
E0_38,0.03707414829659319,38.0,0
E0_39,0.03807615230460922,39.0,0
E0_40,0.03907815631262525,40.0,0
E0_41,0.04008016032064128,41.0,0
E0_42,0.041082164328657314,42.0,0
E0_43,0.04208416833667335,43.0,0
E0_44,0.04308617234468938,44.0,0
E0_45,0.04408817635270541,45.0,0
E0_46,0.045090180360721446,46.0,0
E0_47,0.04609218436873747,47.0,0
E0_48,0.047094188376753505,48.0,0
E0_49,0.04809619238476954,49.0,0
E0_50,0.04909819639278557,50.0,0
E0_51,0.050100200400801605,51.0,0
E0_52,0.05110220440881764,52.0,0
E0_53,0.052104208416833664,53.0,0
E0_54,0.0531062124248497,54.0,0
E0_55,0.05410821643286573,55.0,0
E0_56,0.05511022044088176,56.0,0
E0_57,0.056112224448897796,57.0,0
E0_58,0.05711422845691383,58.0,0
E0_59,0.05811623246492986,59.0,0
E0_60,0.05911823647294589,60.0,0
E0_61,0.06012024048096192,61.0,0
E0_62,0.061122244488977955,62.0,0
E0_63,0.06212424849699399,63.0,0
E0_64,0.06312625250501001,64.0,0
E0_65,0.06412825651302605,65.0,0
E0_66,0.06513026052104208,66.0,0
E0_67,0.06613226452905811,67.0,0
E0_68,0.06713426853707415,68.0,0
E0_69,0.06813627254509018,69.0,0
E0_70,0.06913827655310621,70.0,0
E0_71,0.07014028056112225,71.0,0
E0_72,0.07114228456913828,72.0,0
E0_73,0.07214428857715431,73.0,0
E0_74,0.07314629258517034,74.0,0
E0_75,0.07414829659318638,75.0,0
E0_76,0.07515030060120241,76.0,0
E0_77,0.07615230460921844,77.0,0
E0_78,0.07715430861723446,78.0,0
E0_79,0.0781563126252505,79.0,0
E0_80,0.07915831663326653,80.0,0
E0_81,0.08016032064128256,81.0,0
E0_82,0.0811623246492986,82.0,0
E0_83,0.08216432865731463,83.0,0
E0_84,0.08316633266533066,84.0,0
E0_85,0.0841683366733467,85.0,0
E0_86,0.08517034068136273,86.0,0
E0_87,0.08617234468937876,87.0,0
E0_88,0.0871743486973948,88.0,0
E0_89,0.08817635270541083,89.0,0
E0_90,0.08917835671342686,90.0,0
E0_91,0.09018036072144289,91.0,0
E0_92,0.09118236472945891,92.0,0
E0_93,0.09218436873747494,93.0,0
E0_94,0.09318637274549098,94.0,0
E0_95,0.09418837675350701,95.0,0
E0_96,0.09519038076152304,96.0,0
E0_97,0.09619238476953908,97.0,0
E0_98,0.09719438877755511,98.0,0
E0_99,0.09819639278557114,99.0,0
E0_100,0.09919839679358718,100.0,0
E0_101,0.10020040080160321,101.0,0
E0_102,0.10120240480961924,102.0,0
E0_103,0.10220440881763528,103.0,0
E0_104,0.10320641282565131,104.0,0
E0_105,0.10420841683366733,105.0,0
E0_106,0.10521042084168336,106.0,0
E0_107,0.1062124248496994,107.0,0
E0_108,0.10721442885771543,108.0,0
E0_109,0.10821643286573146,109.0,0
E0_110,0.1092184368737475,110.0,0
E0_111,0.11022044088176353,111.0,0
E0_112,0.11122244488977956,112.0,0
E0_113,0.11222444889779559,113.0,0
E0_114,0.11322645290581163,114.0,0
E0_115,0.11422845691382766,115.0,0
E0_116,0.11523046092184369,116.0,0
E0_117,0.11623246492985972,117.0,0
E0_118,0.11723446893787576,118.0,0
E0_119,0.11823647294589178,119.0,0
E0_120,0.11923847695390781,120.0,0
E0_121,0.12024048096192384,121.0,0
E0_122,0.12124248496993988,122.0,0
E0_123,0.12224448897795591,123.0,0
E0_124,0.12324649298597194,124.0,0
E0_125,0.12424849699398798,125.0,0
E0_126,0.125250501002004,126.0,0
E0_127,0.12625250501002003,127.0,0
E0_128,0.12725450901803606,128.0,0
E0_129,0.1282565130260521,129.0,0
E0_130,0.12925851703406813,130.0,0
E0_131,0.13026052104208416,131.0,0
E0_132,0.1312625250501002,132.0,0
E0_133,0.13226452905811623,133.0,0
E0_134,0.13326653306613226,134.0,0
E0_135,0.1342685370741483,135.0,0
E0_136,0.13527054108216433,136.0,0
E0_137,0.13627254509018036,137.0,0
E0_138,0.1372745490981964,138.0,0
E0_139,0.13827655310621242,139.0,0
E0_140,0.13927855711422846,140.0,0
E0_141,0.1402805611222445,141.0,0
E0_142,0.14128256513026052,142.0,0
E0_143,0.14228456913827656,143.0,0
E0_144,0.1432865731462926,144.0,0
E0_145,0.14428857715430862,145.0,0
E0_146,0.14529058116232466,146.0,0
E0_147,0.1462925851703407,147.0,0
E0_148,0.14729458917835672,148.0,0
E0_149,0.14829659318637275,149.0,0
E0_150,0.1492985971943888,150.0,0
E0_151,0.15030060120240482,151.0,0
E0_152,0.15130260521042085,152.0,0
E0_153,0.1523046092184369,153.0,0
E0_154,0.1533066132264529,154.0,0
E0_155,0.15430861723446893,155.0,0
E0_156,0.15531062124248496,156.0,0
E0_157,0.156312625250501,157.0,0
E0_158,0.15731462925851702,158.0,0
E0_159,0.15831663326653306,159.0,0
E0_160,0.1593186372745491,160.0,0
E0_161,0.16032064128256512,161.0,0
E0_162,0.16132264529058116,162.0,0
E0_163,0.1623246492985972,163.0,0
E0_164,0.16332665330661322,164.0,0
E0_165,0.16432865731462926,165.0,0
E0_166,0.1653306613226453,166.0,0
E0_167,0.16633266533066132,167.0,0
E0_168,0.16733466933867736,168.0,0
E0_169,0.1683366733466934,169.0,0
E0_170,0.16933867735470942,170.0,0
E0_171,0.17034068136272545,171.0,0
E0_172,0.1713426853707415,172.0,0
E0_173,0.17234468937875752,173.0,0
E0_174,0.17334669338677355,174.0,0
E0_175,0.1743486973947896,175.0,0
E0_176,0.17535070140280562,176.0,0
E0_177,0.17635270541082165,177.0,0
E0_178,0.17735470941883769,178.0,0
E0_179,0.17835671342685372,179.0,0
E0_180,0.17935871743486975,180.0,0
E0_181,0.18036072144288579,181.0,0
E0_182,0.1813627254509018,182.0,0
E0_183,0.18236472945891782,183.0,0
E0_184,0.18336673346693386,184.0,0
E0_185,0.1843687374749499,185.0,0
E0_186,0.18537074148296592,186.0,0
E0_187,0.18637274549098196,187.0,0
E0_188,0.187374749498998,188.0,0
E0_189,0.18837675350701402,189.0,0
E0_190,0.18937875751503006,190.0,0
E0_191,0.1903807615230461,191.0,0
E0_192,0.19138276553106212,192.0,0
E0_193,0.19238476953907815,193.0,0
E0_194,0.1933867735470942,194.0,0
E0_195,0.19438877755511022,195.0,0
E0_196,0.19539078156312625,196.0,0
E0_197,0.1963927855711423,197.0,0
E0_198,0.19739478957915832,198.0,0
E0_199,0.19839679358717435,199.0,0
E0_200,0.19939879759519039,200.0,0
E0_201,0.20040080160320642,201.0,0
E0_202,0.20140280561122245,202.0,0
E0_203,0.20240480961923848,203.0,0
E0_204,0.20340681362725452,204.0,0
E0_205,0.20440881763527055,205.0,0
E0_206,0.20541082164328658,206.0,0
E0_207,0.20641282565130262,207.0,0
E0_208,0.20741482965931865,208.0,0
E0_209,0.20841683366733466,209.0,0
E0_210,0.2094188376753507,210.0,0
E0_211,0.21042084168336672,211.0,0
E0_212,0.21142284569138275,212.0,0
E0_213,0.2124248496993988,213.0,0
E0_214,0.21342685370741482,214.0,0
E0_215,0.21442885771543085,215.0,0
E0_216,0.2154308617234469,216.0,0
E0_217,0.21643286573146292,217.0,0
E0_218,0.21743486973947895,218.0,0
E0_219,0.218436873747495,219.0,0
E0_220,0.21943887775551102,220.0,0
E0_221,0.22044088176352705,221.0,0
E0_222,0.22144288577154309,222.0,0
E0_223,0.22244488977955912,223.0,0
E0_224,0.22344689378757515,224.0,0
E0_225,0.22444889779559118,225.0,0
E0_226,0.22545090180360722,226.0,0
E0_227,0.22645290581162325,227.0,0
E0_228,0.22745490981963928,228.0,0
E0_229,0.22845691382765532,229.0,0
E0_230,0.22945891783567135,230.0,0
E0_231,0.23046092184368738,231.0,0
E0_232,0.23146292585170342,232.0,0
E0_233,0.23246492985971945,233.0,0
E0_234,0.23346693386773548,234.0,0
E0_235,0.23446893787575152,235.0,0
E0_236,0.23547094188376755,236.0,0
E0_237,0.23647294589178355,237.0,0
E0_238,0.2374749498997996,238.0,0
E0_239,0.23847695390781562,239.0,0
E0_240,0.23947895791583165,240.0,0
E0_241,0.24048096192384769,241.0,0
E0_242,0.24148296593186372,242.0,0
E0_243,0.24248496993987975,243.0,0
E0_244,0.24348697394789579,244.0,0
E0_245,0.24448897795591182,245.0,0
E0_246,0.24549098196392785,246.0,0
E0_247,0.24649298597194388,247.0,0
E0_248,0.24749498997995992,248.0,0
E0_249,0.24849699398797595,249.0,0
E0_250,0.24949899799599198,250.0,0
E0_251,0.250501002004008,251.0,0
E0_252,0.251503006012024,252.0,0
E0_253,0.25250501002004005,253.0,0
E0_254,0.2535070140280561,254.0,0
E0_255,0.2545090180360721,255.0,0
E0_256,0.25551102204408815,256.0,0
E0_257,0.2565130260521042,257.0,0
E0_258,0.2575150300601202,258.0,0
E0_259,0.25851703406813625,259.0,0
E0_260,0.2595190380761523,260.0,0
E0_261,0.2605210420841683,261.0,0
E0_262,0.26152304609218435,262.0,0
E0_263,0.2625250501002004,263.0,0
E0_264,0.2635270541082164,264.0,0
E0_265,0.26452905811623245,265.0,0
E0_266,0.2655310621242485,266.0,0
E0_267,0.2665330661322645,267.0,0
E0_268,0.26753507014028055,268.0,0
E0_269,0.2685370741482966,269.0,0
E0_270,0.2695390781563126,270.0,0
E0_271,0.27054108216432865,271.0,0
E0_272,0.2715430861723447,272.0,0
E0_273,0.2725450901803607,273.0,0
E0_274,0.27354709418837675,274.0,0
E0_275,0.2745490981963928,275.0,0
E0_276,0.2755511022044088,276.0,0
E0_277,0.27655310621242485,277.0,0
E0_278,0.2775551102204409,278.0,0
E0_279,0.2785571142284569,279.0,0
E0_280,0.27955911823647295,280.0,0
E0_281,0.280561122244489,281.0,0
E0_282,0.281563126252505,282.0,0
E0_283,0.28256513026052105,283.0,0
E0_284,0.2835671342685371,284.0,0
E0_285,0.2845691382765531,285.0,0
E0_286,0.28557114228456915,286.0,0
E0_287,0.2865731462925852,287.0,0
E0_288,0.2875751503006012,288.0,0
E0_289,0.28857715430861725,289.0,0
E0_290,0.2895791583166333,290.0,0
E0_291,0.2905811623246493,291.0,0
E0_292,0.29158316633266534,292.0,0
E0_293,0.2925851703406814,293.0,0
E0_294,0.2935871743486974,294.0,0
E0_295,0.29458917835671344,295.0,0
E0_296,0.2955911823647295,296.0,0
E0_297,0.2965931863727455,297.0,0
E0_298,0.29759519038076154,298.0,0
E0_299,0.2985971943887776,299.0,0
E0_300,0.2995991983967936,300.0,0
E0_301,0.30060120240480964,301.0,0
E0_302,0.3016032064128257,302.0,0
E0_303,0.3026052104208417,303.0,0
E0_304,0.30360721442885774,304.0,0
E0_305,0.3046092184368738,305.0,0
E0_306,0.30561122244488975,306.0,0
E0_307,0.3066132264529058,307.0,0
E0_308,0.3076152304609218,308.0,0
E0_309,0.30861723446893785,309.0,0
E0_310,0.3096192384769539,310.0,0
E0_311,0.3106212424849699,311.0,0
E0_312,0.31162324649298595,312.0,0
E0_313,0.312625250501002,313.0,0
E0_314,0.313627254509018,314.0,0
E0_315,0.31462925851703405,315.0,0
E0_316,0.3156312625250501,316.0,0
E0_317,0.3166332665330661,317.0,0
E0_318,0.31763527054108215,318.0,0
E0_319,0.3186372745490982,319.0,0
E0_320,0.3196392785571142,320.0,0
E0_321,0.32064128256513025,321.0,0
E0_322,0.3216432865731463,322.0,0
E0_323,0.3226452905811623,323.0,0
E0_324,0.32364729458917835,324.0,0
E0_325,0.3246492985971944,325.0,0
E0_326,0.3256513026052104,326.0,0
E0_327,0.32665330661322645,327.0,0
E0_328,0.3276553106212425,328.0,0
E0_329,0.3286573146292585,329.0,0
E0_330,0.32965931863727455,330.0,0
E0_331,0.3306613226452906,331.0,0
E0_332,0.3316633266533066,332.0,0
E0_333,0.33266533066132264,333.0,0
E0_334,0.3336673346693387,334.0,0
E0_335,0.3346693386773547,335.0,0
E0_336,0.33567134268537074,336.0,0
E0_337,0.3366733466933868,337.0,0
E0_338,0.3376753507014028,338.0,0
E0_339,0.33867735470941884,339.0,0
E0_340,0.3396793587174349,340.0,0
E0_341,0.3406813627254509,341.0,0
E0_342,0.34168336673346694,342.0,0
E0_343,0.342685370741483,343.0,0
E0_344,0.343687374749499,344.0,0
E0_345,0.34468937875751504,345.0,0
E0_346,0.3456913827655311,346.0,0
E0_347,0.3466933867735471,347.0,0
E0_348,0.34769539078156314,348.0,0
E0_349,0.3486973947895792,349.0,0
E0_350,0.3496993987975952,350.0,0
E0_351,0.35070140280561124,351.0,0
E0_352,0.3517034068136273,352.0,0
E0_353,0.3527054108216433,353.0,0
E0_354,0.35370741482965934,354.0,0
E0_355,0.35470941883767537,355.0,0
E0_356,0.3557114228456914,356.0,0
E0_357,0.35671342685370744,357.0,0
E0_358,0.35771543086172347,358.0,0
E0_359,0.3587174348697395,359.0,0
E0_360,0.35971943887775554,360.0,0
E0_361,0.36072144288577157,361.0,0
E0_362,0.36172344689378755,362.0,0
E0_363,0.3627254509018036,363.0,0
E0_364,0.3637274549098196,364.0,0
E0_365,0.36472945891783565,365.0,0
E0_366,0.3657314629258517,366.0,0
E0_367,0.3667334669338677,367.0,0
E0_368,0.36773547094188375,368.0,0
E0_369,0.3687374749498998,369.0,0
E0_370,0.3697394789579158,370.0,0
E0_371,0.37074148296593185,371.0,0
E0_372,0.3717434869739479,372.0,0
E0_373,0.3727454909819639,373.0,0
E0_374,0.37374749498997994,374.0,0
E0_375,0.374749498997996,375.0,0
E0_376,0.375751503006012,376.0,0
E0_377,0.37675350701402804,377.0,0
E0_378,0.3777555110220441,378.0,0
E0_379,0.3787575150300601,379.0,0
E0_380,0.37975951903807614,380.0,0
E0_381,0.3807615230460922,381.0,0
E0_382,0.3817635270541082,382.0,0
E0_383,0.38276553106212424,383.0,0
E0_384,0.3837675350701403,384.0,0
E0_385,0.3847695390781563,385.0,0
E0_386,0.38577154308617234,386.0,0
E0_387,0.3867735470941884,387.0,0
E0_388,0.3877755511022044,388.0,0
E0_389,0.38877755511022044,389.0,0
E0_390,0.3897795591182365,390.0,0
E0_391,0.3907815631262525,391.0,0
E0_392,0.39178356713426854,392.0,0
E0_393,0.3927855711422846,393.0,0
E0_394,0.3937875751503006,394.0,0
E0_395,0.39478957915831664,395.0,0
E0_396,0.39579158316633267,396.0,0
E0_397,0.3967935871743487,397.0,0
E0_398,0.39779559118236474,398.0,0
E0_399,0.39879759519038077,399.0,0
E0_400,0.3997995991983968,400.0,0
E0_401,0.40080160320641284,401.0,0
E0_402,0.40180360721442887,402.0,0
E0_403,0.4028056112224449,403.0,0
E0_404,0.40380761523046094,404.0,0
E0_405,0.40480961923847697,405.0,0
E0_406,0.405811623246493,406.0,0
E0_407,0.40681362725450904,407.0,0
E0_408,0.40781563126252507,408.0,0
E0_409,0.4088176352705411,409.0,0
E0_410,0.40981963927855714,410.0,0
E0_411,0.41082164328657317,411.0,0
E0_412,0.4118236472945892,412.0,0
E0_413,0.41282565130260523,413.0,0
E0_414,0.41382765531062127,414.0,0
E0_415,0.4148296593186373,415.0,0
E0_416,0.41583166332665333,416.0,0
E0_417,0.4168336673346693,417.0,0
E0_418,0.41783567134268534,418.0,0
E0_419,0.4188376753507014,419.0,0
E0_420,0.4198396793587174,420.0,0
E0_421,0.42084168336673344,421.0,0
E0_422,0.4218436873747495,422.0,0
E0_423,0.4228456913827655,423.0,0
E0_424,0.42384769539078154,424.0,0
E0_425,0.4248496993987976,425.0,0
E0_426,0.4258517034068136,426.0,0
E0_427,0.42685370741482964,427.0,0
E0_428,0.4278557114228457,428.0,0
E0_429,0.4288577154308617,429.0,0
E0_430,0.42985971943887774,430.0,0
E0_431,0.4308617234468938,431.0,0
E0_432,0.4318637274549098,432.0,0
E0_433,0.43286573146292584,433.0,0
E0_434,0.4338677354709419,434.0,0
E0_435,0.4348697394789579,435.0,0
E0_436,0.43587174348697394,436.0,0
E0_437,0.43687374749499,437.0,0
E0_438,0.437875751503006,438.0,0
E0_439,0.43887775551102204,439.0,0
E0_440,0.43987975951903807,440.0,0
E0_441,0.4408817635270541,441.0,0
E0_442,0.44188376753507014,442.0,0
E0_443,0.44288577154308617,443.0,0
E0_444,0.4438877755511022,444.0,0
E0_445,0.44488977955911824,445.0,0
E0_446,0.44589178356713427,446.0,0
E0_447,0.4468937875751503,447.0,0
E0_448,0.44789579158316634,448.0,0
E0_449,0.44889779559118237,449.0,0
E0_450,0.4498997995991984,450.0,0
E0_451,0.45090180360721444,451.0,0
E0_452,0.45190380761523047,452.0,0
E0_453,0.4529058116232465,453.0,0
E0_454,0.45390781563126253,454.0,0
E0_455,0.45490981963927857,455.0,0
E0_456,0.4559118236472946,456.0,0
E0_457,0.45691382765531063,457.0,0
E0_458,0.45791583166332667,458.0,0
E0_459,0.4589178356713427,459.0,0
E0_460,0.45991983967935873,460.0,0
E0_461,0.46092184368737477,461.0,0
E0_462,0.4619238476953908,462.0,0
E0_463,0.46292585170340683,463.0,0
E0_464,0.46392785571142287,464.0,0
E0_465,0.4649298597194389,465.0,0
E0_466,0.46593186372745493,466.0,0
E0_467,0.46693386773547096,467.0,0
E0_468,0.467935871743487,468.0,0
E0_469,0.46893787575150303,469.0,0
E0_470,0.46993987975951906,470.0,0
E0_471,0.4709418837675351,471.0,0
E0_472,0.47194388777555113,472.0,0
E0_473,0.4729458917835671,473.0,0
E0_474,0.47394789579158314,474.0,0
E0_475,0.4749498997995992,475.0,0
E0_476,0.4759519038076152,476.0,0
E0_477,0.47695390781563124,477.0,0
E0_478,0.4779559118236473,478.0,0
E0_479,0.4789579158316633,479.0,0
E0_480,0.47995991983967934,480.0,0
E0_481,0.48096192384769537,481.0,0
E0_482,0.4819639278557114,482.0,0
E0_483,0.48296593186372744,483.0,0
E0_484,0.48396793587174347,484.0,0
E0_485,0.4849699398797595,485.0,0
E0_486,0.48597194388777554,486.0,0
E0_487,0.48697394789579157,487.0,0
E0_488,0.4879759519038076,488.0,0
E0_489,0.48897795591182364,489.0,0
E0_490,0.48997995991983967,490.0,0
E0_491,0.4909819639278557,491.0,0
E0_492,0.49198396793587174,492.0,0
E0_493,0.49298597194388777,493.0,0
E0_494,0.4939879759519038,494.0,0
E0_495,0.49498997995991983,495.0,0
E0_496,0.49599198396793587,496.0,0
E0_497,0.4969939879759519,497.0,0
E0_498,0.49799599198396793,498.0,0
E0_499,0.49899799599198397,499.0,0
E0_500,0.5,500.0,0
E0_501,0.501002004008016,501.0,0
E0_502,0.5020040080160321,502.0,0
E0_503,0.503006012024048,503.0,0
E0_504,0.5040080160320641,504.0,0
E0_505,0.5050100200400801,505.0,0
E0_506,0.5060120240480962,506.0,0
E0_507,0.5070140280561122,507.0,0
E0_508,0.5080160320641283,508.0,0
E0_509,0.5090180360721442,509.0,0
E0_510,0.5100200400801603,510.0,0
E0_511,0.5110220440881763,511.0,0
E0_512,0.5120240480961924,512.0,0
E0_513,0.5130260521042084,513.0,0
E0_514,0.5140280561122245,514.0,0
E0_515,0.5150300601202404,515.0,0
E0_516,0.5160320641282565,516.0,0
E0_517,0.5170340681362725,517.0,0
E0_518,0.5180360721442886,518.0,0
E0_519,0.5190380761523046,519.0,0
E0_520,0.5200400801603207,520.0,0
E0_521,0.5210420841683366,521.0,0
E0_522,0.5220440881763527,522.0,0
E0_523,0.5230460921843687,523.0,0
E0_524,0.5240480961923848,524.0,0
E0_525,0.5250501002004008,525.0,0
E0_526,0.5260521042084169,526.0,0
E0_527,0.5270541082164328,527.0,0
E0_528,0.5280561122244489,528.0,0
E0_529,0.5290581162324649,529.0,0
E0_530,0.530060120240481,530.0,0
E0_531,0.531062124248497,531.0,0
E0_532,0.5320641282565131,532.0,0
E0_533,0.533066132264529,533.0,0
E0_534,0.5340681362725451,534.0,0
E0_535,0.5350701402805611,535.0,0
E0_536,0.5360721442885772,536.0,0
E0_537,0.5370741482965932,537.0,0
E0_538,0.5380761523046093,538.0,0
E0_539,0.5390781563126252,539.0,0
E0_540,0.5400801603206413,540.0,0
E0_541,0.5410821643286573,541.0,0
E0_542,0.5420841683366734,542.0,0
E0_543,0.5430861723446894,543.0,0
E0_544,0.5440881763527055,544.0,0
E0_545,0.5450901803607214,545.0,0
E0_546,0.5460921843687375,546.0,0
E0_547,0.5470941883767535,547.0,0
E0_548,0.5480961923847696,548.0,0
E0_549,0.5490981963927856,549.0,0
E0_550,0.5501002004008017,550.0,0
E0_551,0.5511022044088176,551.0,0
E0_552,0.5521042084168337,552.0,0
E0_553,0.5531062124248497,553.0,0
E0_554,0.5541082164328658,554.0,0
E0_555,0.5551102204408818,555.0,0
E0_556,0.5561122244488977,556.0,0
E0_557,0.5571142284569138,557.0,0
E0_558,0.5581162324649298,558.0,0
E0_559,0.5591182364729459,559.0,0
E0_560,0.5601202404809619,560.0,0
E0_561,0.561122244488978,561.0,0
E0_562,0.5621242484969939,562.0,0
E0_563,0.56312625250501,563.0,0
E0_564,0.564128256513026,564.0,0
E0_565,0.5651302605210421,565.0,0
E0_566,0.5661322645290581,566.0,0
E0_567,0.5671342685370742,567.0,0
E0_568,0.5681362725450901,568.0,0
E0_569,0.5691382765531062,569.0,0
E0_570,0.5701402805611222,570.0,0
E0_571,0.5711422845691383,571.0,0
E0_572,0.5721442885771543,572.0,0
E0_573,0.5731462925851704,573.0,0
E0_574,0.5741482965931863,574.0,0
E0_575,0.5751503006012024,575.0,0
E0_576,0.5761523046092184,576.0,0
E0_577,0.5771543086172345,577.0,0
E0_578,0.5781563126252505,578.0,0
E0_579,0.5791583166332666,579.0,0
E0_580,0.5801603206412825,580.0,0
E0_581,0.5811623246492986,581.0,0
E0_582,0.5821643286573146,582.0,0
E0_583,0.5831663326653307,583.0,0
E0_584,0.5841683366733467,584.0,0
E0_585,0.5851703406813628,585.0,0
E0_586,0.5861723446893787,586.0,0
E0_587,0.5871743486973948,587.0,0
E0_588,0.5881763527054108,588.0,0
E0_589,0.5891783567134269,589.0,0
E0_590,0.5901803607214429,590.0,0
E0_591,0.591182364729459,591.0,0
E0_592,0.5921843687374749,592.0,0
E0_593,0.593186372745491,593.0,0
E0_594,0.594188376753507,594.0,0
E0_595,0.5951903807615231,595.0,0
E0_596,0.5961923847695391,596.0,0
E0_597,0.5971943887775552,597.0,0
E0_598,0.5981963927855711,598.0,0
E0_599,0.5991983967935872,599.0,0
E0_600,0.6002004008016032,600.0,0
E0_601,0.6012024048096193,601.0,0
E0_602,0.6022044088176353,602.0,0
E0_603,0.6032064128256514,603.0,0
E0_604,0.6042084168336673,604.0,0
E0_605,0.6052104208416834,605.0,0
E0_606,0.6062124248496994,606.0,0
E0_607,0.6072144288577155,607.0,0
E0_608,0.6082164328657315,608.0,0
E0_609,0.6092184368737475,609.0,0
E0_610,0.6102204408817635,610.0,0
E0_611,0.6112224448897795,611.0,0
E0_612,0.6122244488977956,612.0,0
E0_613,0.6132264529058116,613.0,0
E0_614,0.6142284569138277,614.0,0
E0_615,0.6152304609218436,615.0,0
E0_616,0.6162324649298597,616.0,0
E0_617,0.6172344689378757,617.0,0
E0_618,0.6182364729458918,618.0,0
E0_619,0.6192384769539078,619.0,0
E0_620,0.6202404809619239,620.0,0
E0_621,0.6212424849699398,621.0,0
E0_622,0.6222444889779559,622.0,0
E0_623,0.6232464929859719,623.0,0
E0_624,0.624248496993988,624.0,0
E0_625,0.625250501002004,625.0,0
E0_626,0.62625250501002,626.0,0
E0_627,0.627254509018036,627.0,0
E0_628,0.6282565130260521,628.0,0
E0_629,0.6292585170340681,629.0,0
E0_630,0.6302605210420842,630.0,0
E0_631,0.6312625250501002,631.0,0
E0_632,0.6322645290581163,632.0,0
E0_633,0.6332665330661322,633.0,0
E0_634,0.6342685370741483,634.0,0
E0_635,0.6352705410821643,635.0,0
E0_636,0.6362725450901804,636.0,0
E0_637,0.6372745490981964,637.0,0
E0_638,0.6382765531062125,638.0,0
E0_639,0.6392785571142284,639.0,0
E0_640,0.6402805611222445,640.0,0
E0_641,0.6412825651302605,641.0,0
E0_642,0.6422845691382766,642.0,0
E0_643,0.6432865731462926,643.0,0
E0_644,0.6442885771543087,644.0,0
E0_645,0.6452905811623246,645.0,0
E0_646,0.6462925851703407,646.0,0
E0_647,0.6472945891783567,647.0,0
E0_648,0.6482965931863728,648.0,0
E0_649,0.6492985971943888,649.0,0
E0_650,0.6503006012024048,650.0,0
E0_651,0.6513026052104208,651.0,0
E0_652,0.6523046092184369,652.0,0
E0_653,0.6533066132264529,653.0,0
E0_654,0.654308617234469,654.0,0
E0_655,0.655310621242485,655.0,0
E0_656,0.656312625250501,656.0,0
E0_657,0.657314629258517,657.0,0
E0_658,0.6583166332665331,658.0,0
E0_659,0.6593186372745491,659.0,0
E0_660,0.6603206412825652,660.0,0
E0_661,0.6613226452905812,661.0,0
E0_662,0.6623246492985972,662.0,0
E0_663,0.6633266533066132,663.0,0
E0_664,0.6643286573146293,664.0,0
E0_665,0.6653306613226453,665.0,0
E0_666,0.6663326653306614,666.0,0
E0_667,0.6673346693386774,667.0,0
E0_668,0.6683366733466933,668.0,0
E0_669,0.6693386773547094,669.0,0
E0_670,0.6703406813627254,670.0,0
E0_671,0.6713426853707415,671.0,0
E0_672,0.6723446893787575,672.0,0
E0_673,0.6733466933867736,673.0,0
E0_674,0.6743486973947895,674.0,0
E0_675,0.6753507014028056,675.0,0
E0_676,0.6763527054108216,676.0,0
E0_677,0.6773547094188377,677.0,0
E0_678,0.6783567134268537,678.0,0
E0_679,0.6793587174348698,679.0,0
E0_680,0.6803607214428857,680.0,0
E0_681,0.6813627254509018,681.0,0
E0_682,0.6823647294589178,682.0,0
E0_683,0.6833667334669339,683.0,0
E0_684,0.6843687374749499,684.0,0
E0_685,0.685370741482966,685.0,0
E0_686,0.6863727454909819,686.0,0
E0_687,0.687374749498998,687.0,0
E0_688,0.688376753507014,688.0,0
E0_689,0.6893787575150301,689.0,0
E0_690,0.6903807615230461,690.0,0
E0_691,0.6913827655310621,691.0,0
E0_692,0.6923847695390781,692.0,0
E0_693,0.6933867735470942,693.0,0
E0_694,0.6943887775551102,694.0,0
E0_695,0.6953907815631263,695.0,0
E0_696,0.6963927855711423,696.0,0
E0_697,0.6973947895791583,697.0,0
E0_698,0.6983967935871743,698.0,0
E0_699,0.6993987975951904,699.0,0
E0_700,0.7004008016032064,700.0,0
E0_701,0.7014028056112225,701.0,0
E0_702,0.7024048096192385,702.0,0
E0_703,0.7034068136272545,703.0,0
E0_704,0.7044088176352705,704.0,0
E0_705,0.7054108216432866,705.0,0
E0_706,0.7064128256513026,706.0,0
E0_707,0.7074148296593187,707.0,0
E0_708,0.7084168336673347,708.0,0
E0_709,0.7094188376753507,709.0,0
E0_710,0.7104208416833667,710.0,0
E0_711,0.7114228456913828,711.0,0
E0_712,0.7124248496993988,712.0,0
E0_713,0.7134268537074149,713.0,0
E0_714,0.7144288577154309,714.0,0
E0_715,0.7154308617234469,715.0,0
E0_716,0.7164328657314629,716.0,0
E0_717,0.717434869739479,717.0,0
E0_718,0.718436873747495,718.0,0
E0_719,0.7194388777555111,719.0,0
E0_720,0.720440881763527,720.0,0
E0_721,0.7214428857715431,721.0,0
E0_722,0.7224448897795591,722.0,0
E0_723,0.7234468937875751,723.0,0
E0_724,0.7244488977955912,724.0,0
E0_725,0.7254509018036072,725.0,0
E0_726,0.7264529058116233,726.0,0
E0_727,0.7274549098196392,727.0,0
E0_728,0.7284569138276553,728.0,0
E0_729,0.7294589178356713,729.0,0
E0_730,0.7304609218436874,730.0,0
E0_731,0.7314629258517034,731.0,0
E0_732,0.7324649298597194,732.0,0
E0_733,0.7334669338677354,733.0,0
E0_734,0.7344689378757515,734.0,0
E0_735,0.7354709418837675,735.0,0
E0_736,0.7364729458917836,736.0,0
E0_737,0.7374749498997996,737.0,0
E0_738,0.7384769539078156,738.0,0
E0_739,0.7394789579158316,739.0,0
E0_740,0.7404809619238477,740.0,0
E0_741,0.7414829659318637,741.0,0
E0_742,0.7424849699398798,742.0,0
E0_743,0.7434869739478958,743.0,0
E0_744,0.7444889779559118,744.0,0
E0_745,0.7454909819639278,745.0,0
E0_746,0.7464929859719439,746.0,0
E0_747,0.7474949899799599,747.0,0
E0_748,0.748496993987976,748.0,0
E0_749,0.749498997995992,749.0,0
E0_750,0.750501002004008,750.0,0
E0_751,0.751503006012024,751.0,0
E0_752,0.7525050100200401,752.0,0
E0_753,0.7535070140280561,753.0,0
E0_754,0.7545090180360722,754.0,0
E0_755,0.7555110220440882,755.0,0
E0_756,0.7565130260521042,756.0,0
E0_757,0.7575150300601202,757.0,0
E0_758,0.7585170340681363,758.0,0
E0_759,0.7595190380761523,759.0,0
E0_760,0.7605210420841684,760.0,0
E0_761,0.7615230460921844,761.0,0
E0_762,0.7625250501002004,762.0,0
E0_763,0.7635270541082164,763.0,0
E0_764,0.7645290581162325,764.0,0
E0_765,0.7655310621242485,765.0,0
E0_766,0.7665330661322646,766.0,0
E0_767,0.7675350701402806,767.0,0
E0_768,0.7685370741482966,768.0,0
E0_769,0.7695390781563126,769.0,0
E0_770,0.7705410821643287,770.0,0
E0_771,0.7715430861723447,771.0,0
E0_772,0.7725450901803608,772.0,0
E0_773,0.7735470941883767,773.0,0
E0_774,0.7745490981963928,774.0,0
E0_775,0.7755511022044088,775.0,0
E0_776,0.7765531062124249,776.0,0
E0_777,0.7775551102204409,777.0,0
E0_778,0.7785571142284569,778.0,0
E0_779,0.779559118236473,779.0,0
E0_780,0.7805611222444889,780.0,0
E0_781,0.781563126252505,781.0,0
E0_782,0.782565130260521,782.0,0
E0_783,0.7835671342685371,783.0,0
E0_784,0.7845691382765531,784.0,0
E0_785,0.7855711422845691,785.0,0
E0_786,0.7865731462925851,786.0,0
E0_787,0.7875751503006012,787.0,0
E0_788,0.7885771543086172,788.0,0
E0_789,0.7895791583166333,789.0,0
E0_790,0.7905811623246493,790.0,0
E0_791,0.7915831663326653,791.0,0
E0_792,0.7925851703406813,792.0,0
E0_793,0.7935871743486974,793.0,0
E0_794,0.7945891783567134,794.0,0
E0_795,0.7955911823647295,795.0,0
E0_796,0.7965931863727455,796.0,0
E0_797,0.7975951903807615,797.0,0
E0_798,0.7985971943887775,798.0,0
E0_799,0.7995991983967936,799.0,0
E0_800,0.8006012024048096,800.0,0
E0_801,0.8016032064128257,801.0,0
E0_802,0.8026052104208417,802.0,0
E0_803,0.8036072144288577,803.0,0
E0_804,0.8046092184368737,804.0,0
E0_805,0.8056112224448898,805.0,0
E0_806,0.8066132264529058,806.0,0
E0_807,0.8076152304609219,807.0,0
E0_808,0.8086172344689379,808.0,0
E0_809,0.8096192384769539,809.0,0
E0_810,0.8106212424849699,810.0,0
E0_811,0.811623246492986,811.0,0
E0_812,0.812625250501002,812.0,0
E0_813,0.8136272545090181,813.0,0
E0_814,0.814629258517034,814.0,0
E0_815,0.8156312625250501,815.0,0
E0_816,0.8166332665330661,816.0,0
E0_817,0.8176352705410822,817.0,0
E0_818,0.8186372745490982,818.0,0
E0_819,0.8196392785571143,819.0,0
E0_820,0.8206412825651302,820.0,0
E0_821,0.8216432865731463,821.0,0
E0_822,0.8226452905811623,822.0,0
E0_823,0.8236472945891784,823.0,0
E0_824,0.8246492985971944,824.0,0
E0_825,0.8256513026052105,825.0,0
E0_826,0.8266533066132264,826.0,0
E0_827,0.8276553106212425,827.0,0
E0_828,0.8286573146292585,828.0,0
E0_829,0.8296593186372746,829.0,0
E0_830,0.8306613226452906,830.0,0
E0_831,0.8316633266533067,831.0,0
E0_832,0.8326653306613226,832.0,0
E0_833,0.8336673346693386,833.0,0
E0_834,0.8346693386773547,834.0,0
E0_835,0.8356713426853707,835.0,0
E0_836,0.8366733466933868,836.0,0
E0_837,0.8376753507014028,837.0,0
E0_838,0.8386773547094188,838.0,0
E0_839,0.8396793587174348,839.0,0
E0_840,0.8406813627254509,840.0,0
E0_841,0.8416833667334669,841.0,0
E0_842,0.842685370741483,842.0,0
E0_843,0.843687374749499,843.0,0
E0_844,0.844689378757515,844.0,0
E0_845,0.845691382765531,845.0,0
E0_846,0.8466933867735471,846.0,0
E0_847,0.8476953907815631,847.0,0
E0_848,0.8486973947895792,848.0,0
E0_849,0.8496993987975952,849.0,0
E0_850,0.8507014028056112,850.0,0
E0_851,0.8517034068136272,851.0,0
E0_852,0.8527054108216433,852.0,0
E0_853,0.8537074148296593,853.0,0
E0_854,0.8547094188376754,854.0,0
E0_855,0.8557114228456913,855.0,0
E0_856,0.8567134268537074,856.0,0
E0_857,0.8577154308617234,857.0,0
E0_858,0.8587174348697395,858.0,0
E0_859,0.8597194388777555,859.0,0
E0_860,0.8607214428857716,860.0,0
E0_861,0.8617234468937875,861.0,0
E0_862,0.8627254509018036,862.0,0
E0_863,0.8637274549098196,863.0,0
E0_864,0.8647294589178357,864.0,0
E0_865,0.8657314629258517,865.0,0
E0_866,0.8667334669338678,866.0,0
E0_867,0.8677354709418837,867.0,0
E0_868,0.8687374749498998,868.0,0
E0_869,0.8697394789579158,869.0,0
E0_870,0.8707414829659319,870.0,0
E0_871,0.8717434869739479,871.0,0
E0_872,0.872745490981964,872.0,0
E0_873,0.87374749498998,873.0,0
E0_874,0.874749498997996,874.0,0
E0_875,0.875751503006012,875.0,0
E0_876,0.8767535070140281,876.0,0
E0_877,0.8777555110220441,877.0,0
E0_878,0.8787575150300602,878.0,0
E0_879,0.8797595190380761,879.0,0
E0_880,0.8807615230460922,880.0,0
E0_881,0.8817635270541082,881.0,0
E0_882,0.8827655310621243,882.0,0
E0_883,0.8837675350701403,883.0,0
E0_884,0.8847695390781564,884.0,0
E0_885,0.8857715430861723,885.0,0
E0_886,0.8867735470941884,886.0,0
E0_887,0.8877755511022044,887.0,0
E0_888,0.8887775551102205,888.0,0
E0_889,0.8897795591182365,889.0,0
E0_890,0.8907815631262525,890.0,0
E0_891,0.8917835671342685,891.0,0
E0_892,0.8927855711422845,892.0,0
E0_893,0.8937875751503006,893.0,0
E0_894,0.8947895791583166,894.0,0
E0_895,0.8957915831663327,895.0,0
E0_896,0.8967935871743486,896.0,0
E0_897,0.8977955911823647,897.0,0
E0_898,0.8987975951903807,898.0,0
E0_899,0.8997995991983968,899.0,0
E0_900,0.9008016032064128,900.0,0
E0_901,0.9018036072144289,901.0,0
E0_902,0.9028056112224448,902.0,0
E0_903,0.9038076152304609,903.0,0
E0_904,0.9048096192384769,904.0,0
E0_905,0.905811623246493,905.0,0
E0_906,0.906813627254509,906.0,0
E0_907,0.9078156312625251,907.0,0
E0_908,0.908817635270541,908.0,0
E0_909,0.9098196392785571,909.0,0
E0_910,0.9108216432865731,910.0,0
E0_911,0.9118236472945892,911.0,0
E0_912,0.9128256513026052,912.0,0
E0_913,0.9138276553106213,913.0,0
E0_914,0.9148296593186372,914.0,0
E0_915,0.9158316633266533,915.0,0
E0_916,0.9168336673346693,916.0,0
E0_917,0.9178356713426854,917.0,0
E0_918,0.9188376753507014,918.0,0
E0_919,0.9198396793587175,919.0,0
E0_920,0.9208416833667334,920.0,0
E0_921,0.9218436873747495,921.0,0
E0_922,0.9228456913827655,922.0,0
E0_923,0.9238476953907816,923.0,0
E0_924,0.9248496993987976,924.0,0
E0_925,0.9258517034068137,925.0,0
E0_926,0.9268537074148296,926.0,0
E0_927,0.9278557114228457,927.0,0
E0_928,0.9288577154308617,928.0,0
E0_929,0.9298597194388778,929.0,0
E0_930,0.9308617234468938,930.0,0
E0_931,0.9318637274549099,931.0,0
E0_932,0.9328657314629258,932.0,0
E0_933,0.9338677354709419,933.0,0
E0_934,0.9348697394789579,934.0,0
E0_935,0.935871743486974,935.0,0
E0_936,0.93687374749499,936.0,0
E0_937,0.9378757515030061,937.0,0
E0_938,0.938877755511022,938.0,0
E0_939,0.9398797595190381,939.0,0
E0_940,0.9408817635270541,940.0,0
E0_941,0.9418837675350702,941.0,0
E0_942,0.9428857715430862,942.0,0
E0_943,0.9438877755511023,943.0,0
E0_944,0.9448897795591182,944.0,0
E0_945,0.9458917835671342,945.0,0
E0_946,0.9468937875751503,946.0,0
E0_947,0.9478957915831663,947.0,0
E0_948,0.9488977955911824,948.0,0
E0_949,0.9498997995991983,949.0,0
E0_950,0.9509018036072144,950.0,0
E0_951,0.9519038076152304,951.0,0
E0_952,0.9529058116232465,952.0,0
E0_953,0.9539078156312625,953.0,0
E0_954,0.9549098196392786,954.0,0
E0_955,0.9559118236472945,955.0,0
E0_956,0.9569138276553106,956.0,0
E0_957,0.9579158316633266,957.0,0
E0_958,0.9589178356713427,958.0,0
E0_959,0.9599198396793587,959.0,0
E0_960,0.9609218436873748,960.0,0
E0_961,0.9619238476953907,961.0,0
E0_962,0.9629258517034068,962.0,0
E0_963,0.9639278557114228,963.0,0
E0_964,0.9649298597194389,964.0,0
E0_965,0.9659318637274549,965.0,0
E0_966,0.966933867735471,966.0,0
E0_967,0.9679358717434869,967.0,0
E0_968,0.968937875751503,968.0,0
E0_969,0.969939879759519,969.0,0
E0_970,0.9709418837675351,970.0,0
E0_971,0.9719438877755511,971.0,0
E0_972,0.9729458917835672,972.0,0
E0_973,0.9739478957915831,973.0,0
E0_974,0.9749498997995992,974.0,0
E0_975,0.9759519038076152,975.0,0
E0_976,0.9769539078156313,976.0,0
E0_977,0.9779559118236473,977.0,0
E0_978,0.9789579158316634,978.0,0
E0_979,0.9799599198396793,979.0,0
E0_980,0.9809619238476954,980.0,0
E0_981,0.9819639278557114,981.0,0
E0_982,0.9829659318637275,982.0,0
E0_983,0.9839679358717435,983.0,0
E0_984,0.9849699398797596,984.0,0
E0_985,0.9859719438877755,985.0,0
E0_986,0.9869739478957916,986.0,0
E0_987,0.9879759519038076,987.0,0
E0_988,0.9889779559118237,988.0,0
E0_989,0.9899799599198397,989.0,0
E0_990,0.9909819639278558,990.0,0
E0_991,0.9919839679358717,991.0,0
E0_992,0.9929859719438878,992.0,0
E0_993,0.9939879759519038,993.0,0
E0_994,0.9949899799599199,994.0,0
E0_995,0.9959919839679359,995.0,0
E0_996,0.996993987975952,996.0,0
E0_997,0.9979959919839679,997.0,0
E0_998,0.998997995991984,998.0,0
E0_999,1.0,999.0,0
